tail	1
Epidexipteryx	1
bore	1
unusual	0
vertebrae	1
towards	0
resembled	1
tip	0
feather-anchoring	1
pygostyle	1
oviraptorosaurs	1
modern	0
birds	0
Epidexipteryx	1
preserved	0
covering	0
simpler	0
body	0
feathers	0
composed	0
parallel	1
barbs	1
primitive	1
feathered	1
dinosaurs	1
modern-style	0
However	0
rectrices	1
feathers	1
tail	0
vanes	1
individual	0
branched	0
filaments	1
ribbon-like	1
made	0
single	0
sheet	1
maniraptoran	1
reported	0
Jurassic	1
dinosaur	0
Middle	0
age	1
Upper	0
Jurassic	0
Daohugou	1
Beds	0
Inner	0
Mongolia	0
China	0
mya	0
Epidexipteryx	1
genus	1
display	0
feather	0
paravian	1
small	0
dinosaur	1
fossil	1
specimen	1
collection	0
Institute	0
Vertebrate	0
Paleontology	1
Paleoanthropology	1
Beijing	0
Medicine	1
recognizes	1
altitudes	1
metres	1
start	0
ft	0
affect	1
extreme	1
humans	0
record	0
humans	0
living	0
altitudes	0
metres	0
ft	0
years	0
aviation	1
types	0
altitude	1
altitude	1
types	0
various	1
explained	0
simply	0
measuring	1
ways	0
atmosphere	1
altitude	0
Earth	0
divided	1
altitude	0
surface	1
regions	0
Regions	0
Earth	0
atmosphere	1
mean	1
high	0
referred	1
sea	0
level	0
altitude	1
high	0
Aviation	1
measured	1
altitude	0
Mean	1
Sea	0
Level	0
MSL	0
local	0
ground	0
level	0
Above	0
reference	1
Ground	0
Level	0
AGL	0
datum	1
performed	1
production	1
Royal	0
Opera	1
House	0
Covent	0
Garden	0
Bradamante	1
island	1
searching	0
lover	0
arrives	0
Alcina	0
Ruggiero	1
former	1
tutor	1
Melisso	0
audience	1
point	0
realizes	1
genuinely	1
Alcina	0
depicted	1
loves	0
Ruggiero	0
end	0
opera	0
sympathetically	1
represented	1
Bradamante	0
Ruggiero	0
decide	0
destroy	0
source	0
Alcina	0
magic	0
urn	1
founded	1
Festival	0
composer	1
librettist	1
Benjamin	0
Britten	0
singer	0
Peter	0
Pears	0
Eric	0
Crozier	0
intention	1
original	0
provide	1
opera	1
home	0
vision	1
company	0
English	0
Opera	0
Group	0
widened	1
poetry	1
include	0
readings	0
lectures	1
literature	0
drama	0
exhibitions	1
art	0
thermodynamics	1
laws	0
absolute	1
state	0
reached	1
thermodynamic	1
means	1
thermodynamic	1
point	0
temperature	1
scale	1
Kelvin	1
Rankine	1
absolute	0
set	0
Academy	0
Award	1
Merit	1
Best	0
Picture	0
Academy	0
Awards	0
annually	1
presented	0
Motion	1
Academy	0
Sciences	1
Picture	0
Arts	0
AMPAS	0
artists	0
working	0
motion	0
industry	1
picture	0
enlargement	1
European	0
Union	0
Bulgaria	0
Romania	0
join	0
European	0
Union	0
EU	0
January	0
post-communist	1
Romania	0
country	0
Europe	0
official	0
relations	0
European	0
Community	0
signed	1
Romania	0
Europe	0
Agreement	0
submitted	1
official	0
application	1
membership	1
post-communist	1
EU	0
European	0
countries	0
Hungary	0
Poland	0
Tallari	1
outstanding	1
season	1
finishing	1
Manchester	0
EIHL	1
scorer	1
highest	0
goal	0
managing	1
assists	1
goals	0
games	0
denotes	1
A0	0
denotes	1
hottest	0
stars	0
class	0
A9	0
coolest	0
spectral	1
Notes	0
subdivided	1
classes	0
numerals	1
Arabic	0
half-subtypes	1
divided	0
Main-sequence	1
surface	1
stars	0
vary	0
temperature	1
approximately	1
whereas	1
more-evolved	1
temperatures	1
stars	0
Physically	1
indicate	1
classes	0
atmosphere	1
temperature	0
star	0
normally	0
listed	0
hottest	0
coldest	0
table	0
circumvent	1
users	0
censorship	1
filters	1
times	0
blocked	0
vandals	1
Wikipedians	1
assume	1
good	0
faith	0
part	0
appointed	1
May	0
Trial	1
Supreme	0
Division	0
Court	0
Victoria	0
October	0
Court	0
Appeal	1
Court	0
elected	1
Chancellor	1
University	1
serving	1
Melbourne	0
January	0
resigned	1
office	0
Governor	1
office	0
Victoria	0
announced	1
February	0
Governor	1
Victoria	0
Chernov	1
appointed	1
Counsel	1
Queen	0
State	0
Victoria	0
Chernov	1
created	1
Officer	1
Order	0
Australia	0
Queen	0
Birthday	0
Honours	1
education	1
list	0
service	0
law	0
Chernov	1
January	0
Companion	1
named	0
Order	0
Australia	0
bean	1
unearthed	1
Awazu-kotei	1
Ruin	1
Jōmon	1
Japanese	0
mid	0
Jomon	1
period	0
commonly	0
found	0
ruins	1
Japan	0
particular	1
boiled	1
resulting	1
sugar	0
ingredient	1
red	0
bean	0
paste	0
common	0
cuisines	1
azuki	1
Japan	0
rice	0
sekihan	1
beans	0
traditionally	1
auspicious	1
cooked	0
occasions	0
Gingerbread	1
Armenian	1
brought	0
Europe	0
monk	1
Nicopolis	1
Gregory	0
Nicopolis	0
Gregory	0
Makar	0
Grégoire	0
de	0
documented	1
gingerbread	1
trade	0
biscuits	1
monasteries	1
dates	0
century	0
sold	0
pharmacies	1
town	0
square	0
farmers	0
markets	0
implemented	1
Romania	0
reforms	1
number	0
prepare	0
EU	0
accession	1
consolidation	1
including	0
democratic	1
systems	1
institution	1
rule	0
acknowledgement	1
law	0
commitment	1
respect	0
human	0
rights	0
expression	1
personal	0
freedom	0
implementation	1
functioning	1
free-market	1
economy	0
Acherontia	1
atropos	1
widely-known	1
species	0
Death	0
head	0
Hawk	0
moth	1
accompanies	1
flashing	1
sound	0
abdomen	1
brightly	0
marked	0
deter	1
attempt	0
predators	1
species	1
Acherontia	1
colonies	1
attacks	0
well-known	0
Western	0
honey	0
bee	0
Apis	0
mellifera	1
hives	1
move	0
unmolested	1
mimics	1
scent	0
bees	0
recognized	1
Today	0
GD	0
prototype	1
class	0
objects	0
called	0
dwarfs	1
Most	0
candidacy	1
failed	0
live	0
absence	1
lithium	1
stellar	1
showed	0
objects	0
emissions	1
strongest	0
infrared	1
spectrum	1
IR	0
ground-based	1
IR	0
detectors	1
imprecise	1
readily	0
time	0
identify	0
brown	0
dwarfs	1
emit	1
However	0
objects	0
hard	0
find	0
visible	0
light	0
highlighted	1
Nature	0
Brown	0
dwarfs	0
issue	1
discovered	0
official	0
front	0
page	0
dwarf	0
theory	0
brown	0
Jupiter	1
masses	1
lithium	1
unable	0
burn	0
thermonuclear	1
fusion	1
evolution	1
time	0
Advaita	1
literally	1
non-duality	1
identity	1
system	0
thought	0
Advaita	0
refers	0
Self	1
Brahman	1
Atman	0
Whole	0
Maya	1
removed	1
exists	1
ultimately	1
difference	0
Jiva	1
Brahman	0
Isvara	0
Mahavakya	1
sentences	1
great	0
unity	1
state	0
Brahman	1
Atman	1
According	1
Supreme	1
Adi	0
Shankara	0
God	0
Cosmic	1
Spirit	0
Brahman	1
reality	1
Paramarthika	1
Satyam	0
Perceptible	1
achieve	1
feeling	0
people	0
turīya	1
claim	1
state	0
soul	1
Devotion	1
Bhakti	0
cancel	0
effects	0
bad	0
Karma	1
bring	1
knowledge	1
person	0
true	0
purifying	1
mind	1
